Policy,Póliza

Print,Imprimir
Copy to Clipboard,Copiar al portapapeles

Insert Above,Insertar Arriba
Insert After,Insertar Debajo
Move,Mover

{0} created this,{0} creo esto
added rows for {0},agrego filas en {0}
removed rows for {0},elimino filas en {0}

You created this,Tu creaste esto
You changed the values for {0},Tu cambiaste los valores para {0}
You changed the value of {0},Tu cambiaste el valor de {0}
You last edited this,Tu editaste esto por última vez

{0} from {1} to {2} in row #{3},{0} de {1} a {2} en la fila #{3}

Add a Filter,Agregar un Filtro
Apply Filters,Aplicar Filtros

Connections,Conexiones
Comment,Comentar

List View,Vista de Lista
Report View,Vista de Reporte
Load More,Cargar Más

Equals,Igual A
Not Equals,No es Igual A
Like,Es Como
Not Like,No es Como
Is,Esta

Submit this document to confirm,Valide este documento para confirmarlo

Set,Set
